Corpus,Metric,F_stat,p_value,significant
TED,Fluency,4.2,0.0026905943882995493,ns
TED,Adequacy,1.7314285714285715,0.14311821997146498,ns
TED,Register,1.7999999999999996,0.1284180611848424,ns
UNPC,Fluency,2.1221052631578945,0.0766794654427137,ns
UNPC,Adequacy,1.2508474576271185,0.2986121557184235,ns
UNPC,Register,4.965517241379313,0.0008204627162620331,**
OpenSubtitles,Fluency,2.1686746987951815,0.07112413453521794,ns
OpenSubtitles,Adequacy,2.3924050632911382,0.049487935604948984,ns
OpenSubtitles,Register,6.857142857142857,5.109126412598061e-05,ns
