Metric,Corpus,Group1,Group2,Value1,Value2,Difference,P_Value,Effect_Size,Significance,Note
BLEU,TED,Gemini-2.5,DeepL,0.2926,0.0215,0.2711,7.066071930388932e-18,0.8613827934383662,***,Gemini vs DeepL (TED)
BLEU,UNPC,Google Translate,GPT-4,0.6586,0.3534,0.30519999999999997,7.066071930388932e-18,0.8613827934383662,***,Google vs GPT-4 (UNPC)
BERTScore,OpenSubtitles,Gemini-2.5,DeepL,0.7761,0.5897,0.1864,1.3128424995334402e-15,0.7993384145592521,***,Gemini vs DeepL (OpenSubtitles)
Average Sentence Length,UNPC,Grok-2,HT,92.55,56.6,35.949999999999996,7.066071930388932e-18,0.8613827934383662,***,Grok-2 vs HT (UNPC)
MDD,UNPC,GPT-4,HT,11.443,10.523,0.9199999999999999,0.0005319207204376999,0.3464144487417199,***,GPT-4 vs HT (UNPC)
